Dimana informasi hasil Test Potensi Keberhasilan Studi (TPKS) dapat dilihat?;DIMANA;Admisi
Dimana informasi jadwal Test Potensi Keberhasilan Studi (TPKS) dapat dilihat ?;DIMANA;Jadwal
Dimana informasi penjadwalan ulang Test Potensi Keberhasilan Studi (TPKS) dapat dilihat ?;DIMANA;Jadwal
Dimana informasi pendaftaran binus online dapat dilihat?;DIMANA;Admisi
Dimana informasi perkuliahan binus online dapat dilihat?;DIMANA;Informasi Program
Dimana informasi sistem perkuliahan dapat dilihat?;DIMANA;Informasi Program
Dimana informasi jadwal pendaftaran binus online dapat dilihat?;DIMANA;Admisi
Dimana informasi program beasiswa binus online?;DIMANA;Biaya perkuliahan
Dimana informasi verifikasi pembayaran?;DIMANA;Verifikasi Pembayaran & Daftar ulang
Dimana melihat informasi jurusan program binus online?;DIMANA;Verifikasi Pembayaran & Daftar ulang
Dimana alamat marketing binus online?;DIMANA;Admisi
Dimana pengumpulan berkas kelengkapan pendaftaran?;DIMANA;Proses Registrasi
Dimana pengumpulan berkas pembayaran kuliah?;DIMANA;Verifikasi Pembayaran & Daftar ulang
Dimana orientasi mahasiswa dilaksanakan?;DIMANA;Orientasi Mahasiswa Baru
Dimana melihat informasi program tahun pertama binus online?;DIMANA;Informasi Program
Bagaimana cara pembayaran daftar ulang?;BAGAIMANA;Verifikasi Pembayaran & Daftar ulang
Bagaimana cara verifikasi pembayaran daftar ulang?;BAGAIMANA;Proses Registrasi
Bagaimana cara verifikasi kelengkapan berkas pendaftaran?;BAGAIMANA;Verifikasi Pembayaran & Daftar ulang
bagaimana cara melakukan daftar ulang kuliah?;BAGAIMANA;Proses Registrasi
Bagaimana cara mendaftar program binus online?;BAGAIMANA;Admisi
Bagaimana cara membayar pendaftaran?;BAGAIMANA;Admisi
Bagaimana cara mendaftar program beasiswa binus online?;BAGAIMANA;Biaya perkuliahan
Bagaimana cara melakukan verifikasi pembayaran?;BAGAIMANA;Verifikasi Pembayaran & Daftar ulang
Bagaimana mekanisme perkuliahan binus online?;BAGAIMANA;Informasi Program
Bagaimana sistem pembelajaran di binus online?;BAGAIMANA;Informasi Program
bagaimana cara melakukan daftar ulang?;BAGAIMANA;Admisi
Bagaimana cara melakukan pengajuan pengembalian dana perkuliahan?;BAGAIMANA;Pengembalian Dana
Siapa marketing yang dapat dihubungi?;SIAPA;Admisi
Siapa pihak keuangan yang dapat dihubungi?;SIAPA;Admisi
Siapa yang melakukan dokumen verifikasi?;SIAPA;Proses Registrasi
Siapa yang melakukan verifikasi pembayaran?;SIAPA;Verifikasi Pembayaran & Daftar ulang
kapan jadwal pembayaran kuliah?;KAPAN;Verifikasi Pembayaran & Daftar ulang
Kapan jadwal orientasi mahasiswa?;KAPAN;Orientasi Mahasiswa Baru
Kapan ujian Test Potensi Keberhasilan Studi (TPKS)?;KAPAN;Admisi
Kapan jadwal pendaftaran program binus online?;KAPAN;Jadwal & Proses Pendaftaran 
Kapan jadwal pendaftaran ulang program binus online?;KAPAN;Jadwal & Proses Pendaftaran 
Apa syarat daftar program binus online?;APA;Jadwal & Proses Pendaftaran 
Apa saja jurusan yang ada pada binus online?;APA;Informasi Program
Apa langkah selanjutnya setelah Test Potensi Keberhasilan Studi (TPKS)?;APA;Admisi
Apa saja syarat pendaftaran binus online?;APA;Admisi
Apa ada program beasiswa pada binus online?;APA;Biaya perkuliahan
Apa saja syarat mendapatkan beasiswa?;APA;Biaya perkuliahan
Apa saja jalur mendaftar program binus online?;APA;Informasi Program
Apa langkah-langkah melakukan verifikasi pembayaran?;APA;Verifikasi Pembayaran & Daftar ulang
Apa saja mekanisme pembayaran kuliah di binus online?;APA;Biaya perkuliahan
Apa saja berkas yang menjadi syarat pendaftaran kuliah di binus online?;APA;Admisi
apa ada program cicilan untuk membayar kuliah?;APA;Verifikasi Pembayaran & Daftar ulang
Apa mekanisme pendaftaran ulang kuliah?;APA;Jadwal & Proses Pendaftaran 
Apa syarat pendaftaran ulang kuliah?;APA;Jadwal & Proses Pendaftaran 
Mengapa ada program kuliah online?;MENGAPA;Informasi Program
Mengapa nama sekolah tidak ada di sistem pendaftaran?;MENGAPA;Admisi
Mengapa tidak dapat upload data pada sistem pendaftaran?;MENGAPA;Admisi
Mengapa nama kota lahir tidak ada di sistem pendaftaran;MENGAPA;Admisi
Mengapa jadwal tpks tidak dapat dipilih?;MENGAPA;Admisi
