Apa saja informasi yang diperlukan untuk pendaftaram mahasiswa baru di Binus?;APA;ADMISI
Apa saja syarat mendapatkan beasiswa?;APA;BIAYA PERKULIAHAN
Apa saja jurusan yang ada pada binus online?;APA;INFORMASI PROGRAM
Apa saja jadwal tes yang ada di binus online?;APA;JADWAL
Apakah ada masa orientasi mahasiswa di Binus?;APA;ORIENTASI MAHASISWA BARU
Apakah mahasiswa dapat mengubah program studinya?;APA;PENGAJUAN PERUBAHAN
Apa saja berkas yang diperlukan untuk registrasi?;APA;REGISTRASI
Apakah mahasiswa dapat membatalkan masuk kuliah jika diterima di kampus lain?;APA;PENGEMBALIAN DANA
Apakah yang perlu dilakukan mahasiswa untuk melakukan pendaftaran ulang?;APA;VERIFIKASI DAN PENDAFTARAN ULANG
Dimana mehasiswa dapat menemukan informasi yang valid?;DIMANA;ADMISI
Dimana mahasiswa dapat menemukan informasi tentang beasiswa?;DIMANA;BIAYA PERKULIAHAN
Dimana informasi perkuliahan binus dapat dilihat?;DIMANA;INFORMASI PROGRAM
Dimana jadwal perkuliahan dapat dilihat?;DIMANA;JADWAL
Dimana mahasiswa akan melaksanakan masa orientasi mahasiswa?;DIMANA;ORIENTASI MAHASISWA BARU
Dimana informasi tentang perpindahan program studi dapat ditemukan?;DIMANA;PENGAJUAN PERUBAHAN
Dimana mahasiswa dapat melihat status registrasi mereka?;DIMANA;REGISTRASI
Dimana mahasiswa dapat melakuakn pembatalan pendaftaran?;DIMANA;PENGEMBALIAN DANA
Dimanakah mahasiswa dapat melakukan verifikasi pembayaran?;DIMANA;VERIFIKASI DAN PENDAFTARAN ULANG
Kapan mahasiswa dapat mendapatkan informasi tentang binus?;KAPAN;ADMISI
Kapankah pembayaran beasiswa dapat diperoleh oleh mahasiswa;KAPAN;BIAYA PERKULIAHAN
Kapan mahasiswa dapat mendapatkan informasi tentang binus?;KAPAN;INFORMASI PROGRAM
Kapan jadwal perkuliahan dapat dilihat?;KAPAN;JADWAL
Kapan orientasi mahasiswa baru dilaksanakan?;KAPAN;ORIENTASI MAHASISWA BARU
Kapan pengajuan perubahan program dapat dilakukan?;KAPAN;PENGAJUAN PERUBAHAN
Kapan calon mahasiswa baru dapat melakukan pendaftaran di Binus?;KAPAN;REGISTRASI
Kapan tangal paling lambat untuk mahasiswa dapat melakukan pembatalan pendaftaran?;KAPAN;PENGEMBALIAN DANA
Kapan mahasiswa dapat melakukan verifikasi berkas pendaftaran?;KAPAN;VERIFIKASI DAN PENDAFTARAN ULANG
Siapa pusat informasi yang dapat mahasiswa tanyakan tentang proggram perkuliahan?;SIAPA;ADMISI
Siapakah mahasiswa yang berhak mendapatkan bantuan beasiuswa?;SIAPA;BIAYA PERKULIAHAN
Siapa saja yang dapat mengikuti ujian TPKS?;SIAPA;INFORMASI PROGRAM
Siapa yang dapat ditanyakan terkait jadwal perkuliahan di Binus?;SIAPA;JADWAL
Siapa saja yang wajib mengikuti masa orientasi mahasiswa Binus?;SIAPA;ORIENTASI MAHASISWA BARU
Siapa saja yang berhak menggajukan perubahan proggram studi?;SIAPA;PENGAJUAN PERUBAHAN
Siapakah yang diperbolehkan untuk melakukan pendaftaran ke Binus?;SIAPA;REGISTRASI
Siapa saja yang boleh melakukan pembatalan pendaftaran mahasiswa yang bisa mendapatkan Pengembalian Dana 75% dari biaya pendaftaran?;SIAPA;PENGEMBALIAN DANA
Siapa saja mahasiswa yang wajib melakukan pendaftaran ulang di Binus?;SIAPA;VERIFIKASI DAN PENDAFTARAN ULANG
Kenapa pelayanan yang didapatkan mahasiswa buruk?;MENGAPA;ADMISI
Kenapa ada perbedaan pada biaya kuliah masing-masing mahasiswa?;MENGAPA;BIAYA PERKULIAHAN
Kenapa calon mahasiswa baru diwajibkan mengikuti TPKS?;MENGAPA;INFORMASI PROGRAM
Kenapa jadwal masuk mahasiswa masing-masing jurusan berbeda?;MENGAPA;JADWAL
Kenapa mahasiswa diwajibkan mengikuti masa orientasi mahasiswa?;MENGAPA;ORIENTASI MAHASISWA BARU
Kenapa mahasiswa diperbolehkan untuk mengajukan perubahan atau perpindahan program studi?;MENGAPA;PENGAJUAN PERUBAHAN
Kenapa mahasiswa sering mengalami kendala pada saat pendaftaran mahasiswa baru?;MENGAPA;REGISTRASI
Kenapa mahasiswa dapat melakukan Pengembalian Dana dari uang pendaftaran?;MENGAPA;PENGEMBALIAN DANA
Kenapa mahasiswa diwajibkan untuk melakukan verifikasi berkas pasca pendaftaran?;MENGAPA;VERIFIKASI DAN PENDAFTARAN ULANG
Bagaimana cara mendapatkan informasi terkait manajemen kampus?;BAGAIMANA;ADMISI
Bagaimana cara mengetahui biaya kuliah masing-masing mahasiswa?;BAGAIMANA;BIAYA PERKULIAHAN
Bagaimana proses pembelajaran di Binus online?;BAGAIMANA;INFORMASI PROGRAM
Bagaimana persiapan jadwal perkuliahan oleh pihak akademik?;BAGAIMANA;JADWAL
Bagaimana proses orientasi mahasiswa baru;BAGAIMANA;ORIENTASI MAHASISWA BARU
Bagaimana cara mengajukan perubahan atau perpindahan program studi?;BAGAIMANA;PENGAJUAN PERUBAHAN
Bagaimana cara untuk melakukan pendaftaran mahasiswa baru?;BAGAIMANA;REGISTRASI
Bagaimana cara membatalkan pendaftaran mahasiswa baru?;BAGAIMANA;PENGEMBALIAN DANA
Bagaimana carta melakukan verifikasi berkas pasca registrasi?;BAGAIMANA;VERIFIKASI DAN PENDAFTARAN ULANG
